{"entities":{"pages":{"00":{"id":"00","title":"《一页》","url":"00.html","level":0,"tabIndex":0},"01":{"id":"01","title":"第一页：神话宿命","url":"01.html","level":0,"tabIndex":1},"02":{"id":"02","title":"第二页：花开花谢","url":"02.html","level":0,"tabIndex":2},"03":{"id":"03","title":"第三页：新的开始","url":"03.html","level":0,"tabIndex":3},"04":{"id":"04","title":"第四页：幸福的味道","url":"04.html","level":0,"tabIndex":4},"05":{"id":"05","title":"第五页：百叶精灵","url":"05.html","level":0,"tabIndex":5},"06":{"id":"06","title":"第六页：百叶山","url":"06.html","level":0,"tabIndex":6},"07":{"id":"07","title":"第七页：选择的惩罚","url":"07.html","level":0,"tabIndex":7},"08":{"id":"08","title":"第八页：月芽城","url":"08.html","level":0,"tabIndex":8},"09":{"id":"09","title":"第九页：虎穴龙潭","url":"09.html","level":0,"tabIndex":9},"10":{"id":"10","title":"第十页：征途","url":"10.html","level":0,"tabIndex":10},"11":{"id":"11","title":"第十一页：雾里看花","url":"11.html","level":0,"tabIndex":11},"12":{"id":"12","title":"第十二页：绑架","url":"12.html","level":0,"tabIndex":12},"13":{"id":"13","title":"第十三页：花末情未了","url":"13.html","level":0,"tabIndex":13},"14":{"id":"14","title":"第十四页：恶魔王子纯情天使","url":"14.html","level":0,"tabIndex":14},"15":{"id":"15","title":"第十五页：恩怨情仇","url":"15.html","level":0,"tabIndex":15},"16":{"id":"16","title":"第十六页：刑天来袭","url":"16.html","level":0,"tabIndex":16},"17":{"id":"17","title":"第十七页：IW虚拟世界","url":"17.html","level":0,"tabIndex":17},"18":{"id":"18","title":"第十八页：第十战队","url":"18.html","level":0,"tabIndex":18},"19":{"id":"19","title":"第十九页：要怎么开始","url":"19.html","level":0,"tabIndex":19},"20":{"id":"20","title":"第二十页：暗语","url":"20.html","level":0,"tabIndex":20},"21":{"id":"21","title":"第二十一页：情花泪","url":"21.html","level":0,"tabIndex":21},"22":{"id":"22","title":"第二十二页：只是故事","url":"22.html","level":0,"tabIndex":22},"23":{"id":"23","title":"第二十三页：空白","url":"23.html","level":0,"tabIndex":23},"24":{"id":"24","title":"第二十四页：大学","url":"24.html","level":0,"tabIndex":24},"25":{"id":"25","title":"别忘了","url":"25.html","level":0,"tabIndex":25}}},"topLevelIds":["00","01","02","03","04","05","06","07","08","09","10","11","12","13","14","15","16","17","18","19","20","21","22","23","24","25"]}